study,n.c,mean.c,sd.c,n.e,mean.e,sd.e
A,3,106.6666667,7.637626158,3,125,5
A,3,106.6666667,7.637626158,3,161.6666667,10.5039675
B,3,109.3333333,8.144527815,3,123.6666667,4.163331999
B,3,109.3333333,8.144527815,3,166.3333333,5.131601439
C,3,103,2,3,114.3333333,3.214550254
C,3,103,2,3,129.6666667,2.081665999