study,n.c,mean.c,sd.c,n.e,mean.e,sd.e
A,3,106.6666667,25.23115358,3,125,25.23115358
A,3,106.6666667,25.23115358,3,161.6666667,25.23115358
B,3,109.3333333,26.20803524,3,123.6666667,26.20803524
B,3,109.3333333,26.20803524,3,166.3333333,26.20803524
C,3,103,11.78982612,3,114.3333333,11.78982612
C,3,103,11.78982612,3,129.6666667,11.78982612